line_item_id,order_id,order_date,product_id,color,size,quantity,unit_price
L0001,O1001,2025-01-01,P005,Laurel,XL,2,20.0
L0002,O1001,2025-01-01,P001,Chalk,L,1,48.0
L0003,O1001,2025-01-01,P002,Chalk,XL,1,44.0
L0004,O1002,2025-01-01,P004,Obsidian,L,1,58.0
L0005,O1003,2025-01-01,P002,Stone,S,1,44.0
L0006,O1003,2025-01-01,P005,Oyster,L,1,20.0
L0007,O1004,2025-01-01,P005,Loden,2X,1,20.0
L0008,O1005,2025-01-02,P005,Obsidian,3X,1,20.0
L0009,O1006,2025-01-02,P008,Onyx,XL,1,22.0
L0010,O1007,2025-01-03,P005,Laurel,2X,2,20.0
L0011,O1008,2025-01-04,P006,Stone,XL,1,88.0
L0012,O1009,2025-01-04,P007,Jungle,L,1,98.0
L0013,O1010,2025-01-05,P001,Atmosphere,3X,1,48.0
L0014,O1010,2025-01-05,P002,Chalk,M,1,44.0
L0015,O1010,2025-01-05,P005,Laurel,M,1,20.0
L0016,O1011,2025-01-06,P003,Atmosphere,XL,1,54.0
L0017,O1012,2025-01-06,P005,Loden,L,1,20.0
L0018,O1013,2025-01-06,P001,Chalk,2X,3,48.0
L0019,O1014,2025-01-06,P002,Chalk,L,1,44.0
L0020,O1015,2025-01-06,P006,Jungle,XL,1,88.0
L0021,O1016,2025-01-07,P008,Light Heather Grey,M,1,22.0
L0022,O1017,2025-01-07,P001,Chalk,L,2,48.0
L0023,O1018,2025-01-07,P008,Light Heather Grey,XL,1,22.0
L0024,O1019,2025-01-08,P008,Light Heather Grey,2X,1,22.0
L0025,O1019,2025-01-08,P005,Gunmetal,S,1,20.0
L0026,O1020,2025-01-09,P005,Laurel,XL,2,20.0
L0027,O1021,2025-01-09,P002,Onyx,2X,1,44.0
L0028,O1022,2025-01-11,P008,Onyx,M,1,22.0
L0029,O1023,2025-01-11,P005,Obsidian,XL,2,20.0
L0030,O1024,2025-01-12,P005,Currant,XS,1,20.0
L0031,O1025,2025-01-12,P001,Chalk,L,1,48.0
L0032,O1026,2025-01-12,P002,Driftwood,L,1,44.0
L0033,O1027,2025-01-13,P002,Stone,L,1,44.0
L0034,O1027,2025-01-13,P003,Atmosphere,3X,1,54.0
L0035,O1028,2025-01-13,P005,Obsidian,L,1,20.0
L0036,O1029,2025-01-13,P002,Onyx,S,1,44.0
L0037,O1029,2025-01-13,P001,Chalk,S,1,48.0
L0038,O1030,2025-01-14,P006,Jungle,XL,1,88.0
L0039,O1030,2025-01-14,P008,Onyx,L,3,22.0
L0040,O1031,2025-01-14,P004,Raven,S,1,58.0
L0041,O1032,2025-01-15,P002,Navy,XS,2,44.0
L0042,O1033,2025-01-15,P003,Obsidian,XL,1,54.0
L0043,O1034,2025-01-16,P007,Jungle,L,1,98.0
L0044,O1035,2025-01-17,P003,Atmosphere,L,2,54.0
L0045,O1036,2025-01-17,P002,Navy,3X,1,44.0
L0046,O1037,2025-01-17,P004,Chalk,S,1,58.0
L0047,O1037,2025-01-17,P003,Chalk,XS,1,54.0
L0048,O1038,2025-01-17,P003,Chalk,4X,2,54.0
L0049,O1039,2025-01-18,P008,Chalk,4X,1,22.0
L0050,O1040,2025-01-20,P006,Stone,2X,2,88.0
L0051,O1040,2025-01-20,P002,Onyx,S,1,44.0
L0052,O1041,2025-01-20,P007,Shadow,XL,2,98.0
L0053,O1042,2025-01-22,P006,Pacific,M,1,88.0
L0054,O1043,2025-01-23,P005,Laurel,S,1,20.0
L0055,O1044,2025-01-23,P007,Jungle,L,1,98.0
L0056,O1045,2025-01-23,P002,Chalk,M,2,44.0
L0057,O1046,2025-01-24,P007,Washed Red,L,1,98.0
L0058,O1047,2025-01-25,P003,Obsidian,XL,1,54.0
L0059,O1048,2025-01-28,P005,Loden,3X,2,20.0
L0060,O1049,2025-01-28,P002,Onyx,XL,1,44.0
L0061,O1049,2025-01-28,P004,Damson,XL,1,58.0
L0062,O1050,2025-01-29,P002,Driftwood,S,1,44.0
L0063,O1050,2025-01-29,P006,Pacific,L,1,88.0
L0064,O1051,2025-01-30,P003,Raven,2X,1,54.0
L0065,O1052,2025-01-30,P005,Loden,XL,1,20.0
L0066,O1053,2025-01-31,P008,Onyx,S,3,22.0
L0067,O1054,2025-01-31,P007,Navy,L,1,98.0
L0068,O1055,2025-02-01,P005,Obsidian,S,1,20.0
L0069,O1056,2025-02-01,P002,Onyx,L,1,44.0
L0070,O1057,2025-02-02,P002,Onyx,XL,1,44.0
L0071,O1058,2025-02-02,P003,Chalk,XL,1,54.0
L0072,O1058,2025-02-02,P007,Washed Onyx,L,1,98.0
L0073,O1059,2025-02-02,P006,Stone,L,1,88.0
L0074,O1060,2025-02-03,P008,Jungle,M,1,22.0
L0075,O1061,2025-02-04,P004,Atmosphere,XS,1,58.0
L0076,O1061,2025-02-04,P002,Onyx,M,1,44.0
L0077,O1062,2025-02-04,P003,Obsidian,XS,1,54.0
L0078,O1063,2025-02-05,P003,Raven,2X,1,54.0
L0079,O1064,2025-02-05,P003,Obsidian,2X,1,54.0
L0080,O1065,2025-02-05,P006,Stone,M,1,88.0
L0081,O1066,2025-02-06,P005,Currant,L,1,20.0
L0082,O1067,2025-02-06,P003,Obsidian,2X,1,54.0
L0083,O1068,2025-02-06,P002,Navy,2X,1,44.0
L0084,O1069,2025-02-07,P005,Obsidian,S,2,20.0
L0085,O1070,2025-02-07,P004,Obsidian,L,1,58.0
L0086,O1070,2025-02-07,P002,Chalk,XL,1,44.0
L0087,O1071,2025-02-08,P002,Light Heather Grey,3X,1,44.0
L0088,O1072,2025-02-09,P008,Light Heather Grey,XL,1,22.0
L0089,O1073,2025-02-10,P006,Stone,XS,1,88.0
L0090,O1074,2025-02-11,P002,Stone,XS,1,44.0
L0091,O1075,2025-02-11,P001,Buff,XL,1,48.0
L0092,O1076,2025-02-11,P005,Chalk,XL,1,20.0
L0093,O1077,2025-02-12,P004,Chalk,2X,1,58.0
L0094,O1078,2025-02-13,P002,Navy,2X,1,44.0
L0095,O1079,2025-02-13,P003,Chalk,XL,1,54.0
L0096,O1079,2025-02-13,P004,Atmosphere,2X,1,58.0
L0097,O1080,2025-02-13,P001,Obsidian,3X,1,48.0
L0098,O1081,2025-02-14,P005,Loden,S,2,20.0
L0099,O1082,2025-02-14,P004,Obsidian,M,1,58.0
L0100,O1082,2025-02-14,P002,Driftwood,M,1,44.0
L0101,O1082,2025-02-14,P001,Chalk,M,1,48.0
L0102,O1083,2025-02-14,P002,Light Heather Grey,M,1,44.0
L0103,O1084,2025-02-19,P008,Onyx,L,1,22.0
L0104,O1085,2025-02-20,P002,Navy,S,1,44.0
L0105,O1085,2025-02-20,P005,Gunmetal,XL,1,20.0
L0106,O1086,2025-02-20,P007,Shadow,2X,1,98.0
L0107,O1087,2025-02-21,P004,Atmosphere,L,1,58.0
L0108,O1088,2025-02-21,P005,Obsidian,L,1,20.0
L0109,O1088,2025-02-21,P006,Pacific,M,1,88.0
L0110,O1089,2025-02-21,P003,Raven,L,1,54.0
L0111,O1090,2025-02-22,P005,Laurel,XL,1,20.0
L0112,O1091,2025-02-22,P002,Chalk,XL,1,44.0
L0113,O1092,2025-02-23,P003,Obsidian,L,2,54.0
L0114,O1092,2025-02-23,P005,Obsidian,L,2,20.0
L0115,O1092,2025-02-23,P001,Atmosphere,2X,1,48.0
L0116,O1093,2025-02-23,P005,Obsidian,M,1,20.0
L0117,O1094,2025-02-23,P002,Onyx,XL,2,44.0
L0118,O1094,2025-02-23,P003,Obsidian,XL,1,54.0
L0119,O1095,2025-02-24,P008,Light Heather Grey,XL,2,22.0
L0120,O1095,2025-02-24,P002,Onyx,L,1,44.0
L0121,O1096,2025-02-24,P007,Navy,M,1,98.0
L0122,O1097,2025-02-25,P004,Chalk,M,1,58.0
L0123,O1098,2025-02-26,P003,Atmosphere,L,1,54.0
L0124,O1098,2025-02-26,P006,Pacific,M,1,88.0
L0125,O1099,2025-02-26,P006,Jungle,XL,1,88.0
L0126,O1100,2025-02-27,P003,Obsidian,XL,1,54.0
L0127,O1101,2025-02-27,P006,Stone,XL,2,88.0
L0128,O1101,2025-02-27,P002,Navy,2X,1,44.0
L0129,O1102,2025-02-28,P008,Jungle,XS,3,22.0
L0130,O1103,2025-02-28,P006,Pacific,L,1,88.0
L0131,O1103,2025-02-28,P001,Chalk,S,1,48.0
L0132,O1103,2025-02-28,P002,Light Heather Grey,L,1,44.0
L0133,O1104,2025-03-01,P005,Currant,2X,1,20.0
L0134,O1105,2025-03-01,P005,Gunmetal,2X,1,20.0
L0135,O1105,2025-03-01,P008,Chalk,M,2,22.0
L0136,O1106,2025-03-02,P008,Onyx,XL,1,22.0
L0137,O1107,2025-03-02,P001,Atmosphere,XL,2,48.0
L0138,O1108,2025-03-02,P005,Obsidian,XL,1,20.0
L0139,O1109,2025-03-03,P007,Navy,XS,1,98.0
L0140,O1110,2025-03-04,P001,Obsidian,M,1,48.0
L0141,O1110,2025-03-04,P003,Chalk,S,1,54.0
L0142,O1111,2025-03-05,P003,Raven,S,1,54.0
L0143,O1111,2025-03-05,P008,Light Heather Grey,2X,1,22.0
L0144,O1112,2025-03-05,P001,Washed Red,M,1,48.0
L0145,O1112,2025-03-05,P006,Ash,XL,1,88.0
L0146,O1112,2025-03-05,P002,Chalk,M,1,44.0
L0147,O1113,2025-03-05,P002,Chalk,XL,1,44.0
L0148,O1114,2025-03-06,P001,Buff,M,2,48.0
L0149,O1114,2025-03-06,P003,Raven,L,1,54.0
L0150,O1115,2025-03-06,P007,Navy,L,1,98.0
L0151,O1116,2025-03-06,P001,Obsidian,M,1,48.0
L0152,O1116,2025-03-06,P008,Onyx,S,1,22.0
L0153,O1117,2025-03-06,P007,Light Heather Grey,S,1,98.0
L0154,O1117,2025-03-06,P006,Ash,XL,2,88.0
L0155,O1118,2025-03-06,P005,Chalk,L,1,20.0
L0156,O1118,2025-03-06,P002,Onyx,M,1,44.0
L0157,O1119,2025-03-07,P005,Currant,3X,2,20.0
L0158,O1120,2025-03-07,P001,Washed Red,S,1,48.0
L0159,O1121,2025-03-08,P002,Driftwood,M,1,44.0
L0160,O1122,2025-03-10,P001,Chalk,2X,1,48.0
L0161,O1123,2025-03-10,P003,Obsidian,4X,1,54.0
L0162,O1124,2025-03-10,P008,Jungle,XS,1,22.0
L0163,O1125,2025-03-12,P001,Chalk,M,1,48.0
L0164,O1125,2025-03-12,P002,Onyx,4X,2,44.0
L0165,O1125,2025-03-12,P008,Onyx,XL,1,22.0
L0166,O1126,2025-03-12,P005,Obsidian,M,1,20.0
L0167,O1127,2025-03-12,P002,Light Heather Grey,L,1,44.0
L0168,O1128,2025-03-13,P008,Jungle,M,1,22.0
L0169,O1129,2025-03-14,P005,Currant,L,1,20.0
L0170,O1130,2025-03-15,P005,Obsidian,XL,2,20.0
L0171,O1131,2025-03-15,P002,Navy,M,1,44.0
L0172,O1132,2025-03-17,P007,Washed Onyx,XL,1,98.0
L0173,O1132,2025-03-17,P002,Chalk,S,1,44.0
L0174,O1133,2025-03-17,P002,Light Heather Grey,M,1,44.0
L0175,O1134,2025-03-17,P002,Onyx,M,1,44.0
L0176,O1135,2025-03-18,P008,Onyx,3X,1,22.0
L0177,O1136,2025-03-18,P008,Onyx,L,1,22.0
L0178,O1137,2025-03-19,P008,Light Heather Grey,L,1,22.0
L0179,O1138,2025-03-19,P005,Chalk,L,1,20.0
L0180,O1139,2025-03-19,P002,Navy,4X,1,44.0
L0181,O1140,2025-03-20,P003,Obsidian,L,1,54.0
L0182,O1140,2025-03-20,P007,Light Heather Grey,L,1,98.0
L0183,O1140,2025-03-20,P001,Obsidian,5X,1,48.0
L0184,O1141,2025-03-20,P002,Stone,S,1,44.0
L0185,O1141,2025-03-20,P005,Obsidian,2X,1,20.0
L0186,O1142,2025-03-20,P008,Onyx,XL,1,22.0
L0187,O1142,2025-03-20,P001,Obsidian,L,1,48.0
L0188,O1143,2025-03-21,P001,Chalk,M,1,48.0
L0189,O1143,2025-03-21,P002,Driftwood,XL,1,44.0
L0190,O1144,2025-03-22,P001,Atmosphere,L,2,48.0
L0191,O1145,2025-03-23,P008,Light Heather Grey,XL,1,22.0
L0192,O1146,2025-03-23,P004,Obsidian,M,1,58.0
L0193,O1147,2025-03-23,P005,Obsidian,XL,1,20.0
L0194,O1148,2025-03-23,P008,Onyx,XL,1,22.0
L0195,O1149,2025-03-23,P005,Chalk,L,1,20.0
L0196,O1149,2025-03-23,P003,Obsidian,L,1,54.0
L0197,O1150,2025-03-24,P005,Gunmetal,L,1,20.0
L0198,O1151,2025-03-24,P003,Chalk,L,1,54.0
L0199,O1152,2025-03-25,P006,Pacific,3X,3,88.0
L0200,O1153,2025-03-25,P002,Chalk,2X,1,44.0
L0201,O1153,2025-03-25,P003,Atmosphere,L,1,54.0
L0202,O1154,2025-03-27,P003,Chalk,2X,3,54.0
L0203,O1155,2025-03-28,P003,Raven,XL,2,54.0
L0204,O1155,2025-03-28,P004,Raven,3X,1,58.0
L0205,O1156,2025-03-28,P006,Jungle,XS,1,88.0
L0206,O1157,2025-03-29,P005,Chalk,S,1,20.0
L0207,O1158,2025-03-29,P005,Obsidian,XL,1,20.0
L0208,O1159,2025-03-30,P001,Obsidian,XL,1,48.0
L0209,O1159,2025-03-30,P007,Navy,M,1,98.0
L0210,O1160,2025-03-30,P002,Driftwood,L,1,44.0
L0211,O1160,2025-03-30,P008,Light Heather Grey,XL,1,22.0
L0212,O1160,2025-03-30,P004,Damson,L,1,58.0
L0213,O1161,2025-03-30,P002,Onyx,L,1,44.0
L0214,O1161,2025-03-30,P006,Jungle,M,1,88.0
L0215,O1162,2025-03-31,P004,Chalk,L,2,58.0
L0216,O1163,2025-03-31,P002,Chalk,L,1,44.0
L0217,O1164,2025-03-31,P004,Raven,M,1,58.0
L0218,O1165,2025-04-01,P005,Laurel,L,2,20.0
L0219,O1166,2025-04-01,P002,Stone,M,1,44.0
L0220,O1167,2025-04-01,P008,Chalk,XS,1,22.0
L0221,O1168,2025-04-01,P008,Chalk,XS,1,22.0
L0222,O1169,2025-04-02,P001,Chalk,L,1,48.0
L0223,O1170,2025-04-02,P003,Raven,L,1,54.0
L0224,O1170,2025-04-02,P005,Obsidian,M,1,20.0
L0225,O1171,2025-04-02,P004,Obsidian,XL,1,58.0
L0226,O1172,2025-04-02,P002,Driftwood,M,2,44.0
L0227,O1173,2025-04-03,P003,Obsidian,XS,1,54.0
L0228,O1174,2025-04-03,P001,Washed Red,M,2,48.0
L0229,O1175,2025-04-03,P001,Chalk,XL,1,48.0
L0230,O1176,2025-04-03,P006,Pacific,2X,1,88.0
L0231,O1176,2025-04-03,P007,Light Heather Grey,L,1,98.0
L0232,O1177,2025-04-03,P005,Laurel,M,1,20.0
L0233,O1177,2025-04-03,P003,Obsidian,S,1,54.0
L0234,O1177,2025-04-03,P002,Onyx,L,1,44.0
L0235,O1178,2025-04-03,P008,Chalk,S,1,22.0
L0236,O1178,2025-04-03,P002,Navy,4X,1,44.0
L0237,O1179,2025-04-05,P002,Stone,XL,1,44.0
L0238,O1179,2025-04-05,P006,Jungle,L,1,88.0
L0239,O1180,2025-04-05,P004,Obsidian,3X,1,58.0
L0240,O1181,2025-04-05,P001,Obsidian,S,3,48.0
L0241,O1181,2025-04-05,P006,Pacific,L,1,88.0
L0242,O1182,2025-04-05,P008,Onyx,XL,1,22.0
L0243,O1183,2025-04-06,P003,Obsidian,M,2,54.0
L0244,O1184,2025-04-06,P006,Ash,S,1,88.0
L0245,O1185,2025-04-08,P002,Navy,XL,1,44.0
L0246,O1186,2025-04-08,P003,Chalk,M,1,54.0
L0247,O1187,2025-04-08,P002,Navy,XL,1,44.0
L0248,O1188,2025-04-09,P002,Chalk,L,1,44.0
L0249,O1188,2025-04-09,P006,Pacific,3X,1,88.0
L0250,O1189,2025-04-09,P001,Washed Red,M,1,48.0
L0251,O1190,2025-04-09,P007,Light Heather Grey,M,1,98.0
L0252,O1191,2025-04-10,P003,Chalk,L,1,54.0
L0253,O1192,2025-04-10,P005,Gunmetal,XL,2,20.0
L0254,O1193,2025-04-10,P005,Laurel,4X,1,20.0
L0255,O1194,2025-04-10,P006,Ash,XL,1,88.0
L0256,O1195,2025-04-11,P007,Jungle,2X,1,98.0
L0257,O1196,2025-04-11,P001,Obsidian,XL,1,48.0
L0258,O1196,2025-04-11,P005,Loden,4X,1,20.0
L0259,O1197,2025-04-11,P002,Onyx,M,1,44.0
L0260,O1198,2025-04-12,P007,Navy,L,1,98.0
L0261,O1199,2025-04-12,P008,Onyx,L,1,22.0
L0262,O1199,2025-04-12,P002,Driftwood,M,1,44.0
L0263,O1199,2025-04-12,P005,Obsidian,L,1,20.0
L0264,O1200,2025-04-12,P002,Stone,XL,1,44.0
L0265,O1201,2025-04-12,P001,Chalk,M,1,48.0
L0266,O1201,2025-04-12,P002,Onyx,XL,1,44.0
L0267,O1202,2025-04-13,P001,Obsidian,L,1,48.0
L0268,O1203,2025-04-14,P008,Onyx,4X,1,22.0
L0269,O1204,2025-04-14,P002,Driftwood,L,2,44.0
L0270,O1204,2025-04-14,P008,Onyx,M,1,22.0
L0271,O1205,2025-04-14,P004,Obsidian,XS,1,58.0
L0272,O1206,2025-04-15,P003,Obsidian,L,1,54.0
L0273,O1207,2025-04-15,P004,Obsidian,L,1,58.0
L0274,O1207,2025-04-15,P002,Driftwood,XL,1,44.0
L0275,O1208,2025-04-16,P002,Navy,L,1,44.0
L0276,O1209,2025-04-16,P005,Obsidian,S,1,20.0
L0277,O1210,2025-04-16,P008,Jungle,L,1,22.0
L0278,O1210,2025-04-16,P002,Stone,L,1,44.0
L0279,O1211,2025-04-16,P001,Chalk,L,1,48.0
L0280,O1212,2025-04-16,P005,Gunmetal,XL,1,20.0
L0281,O1213,2025-04-16,P008,Chalk,XL,1,22.0
L0282,O1213,2025-04-16,P001,Washed Red,S,1,48.0
L0283,O1214,2025-04-17,P007,Navy,L,1,98.0
L0284,O1215,2025-04-18,P006,Jungle,4X,1,88.0
L0285,O1215,2025-04-18,P005,Chalk,L,1,20.0
L0286,O1215,2025-04-18,P008,Onyx,L,1,22.0
L0287,O1216,2025-04-18,P008,Jungle,M,1,22.0
L0288,O1217,2025-04-18,P004,Obsidian,L,1,58.0
L0289,O1217,2025-04-18,P008,Jungle,M,1,22.0
L0290,O1218,2025-04-19,P002,Navy,M,1,44.0
L0291,O1218,2025-04-19,P007,Washed Red,M,1,98.0
L0292,O1219,2025-04-19,P002,Stone,XL,3,44.0
L0293,O1219,2025-04-19,P001,Buff,M,1,48.0
L0294,O1220,2025-04-19,P008,Light Heather Grey,L,1,22.0
L0295,O1221,2025-04-19,P002,Driftwood,3X,1,44.0
L0296,O1221,2025-04-19,P001,Chalk,3X,1,48.0
L0297,O1222,2025-04-19,P002,Stone,XL,1,44.0
L0298,O1223,2025-04-20,P008,Jungle,S,1,22.0
L0299,O1223,2025-04-20,P005,Loden,S,1,20.0
L0300,O1224,2025-04-21,P005,Loden,L,1,20.0
L0301,O1224,2025-04-21,P006,Pacific,XL,3,88.0
L0302,O1225,2025-04-21,P002,Stone,L,1,44.0
L0303,O1226,2025-04-21,P002,Light Heather Grey,XS,1,44.0
L0304,O1226,2025-04-21,P008,Chalk,XL,1,22.0
L0305,O1226,2025-04-21,P007,Jungle,S,1,98.0
L0306,O1227,2025-04-24,P001,Obsidian,S,2,48.0
L0307,O1228,2025-04-24,P005,Laurel,3X,3,20.0
L0308,O1228,2025-04-24,P004,Obsidian,M,1,58.0
L0309,O1229,2025-04-25,P002,Light Heather Grey,L,1,44.0
L0310,O1230,2025-04-25,P002,Driftwood,L,1,44.0
L0311,O1230,2025-04-25,P005,Chalk,XS,1,20.0
L0312,O1231,2025-04-26,P005,Chalk,M,1,20.0
L0313,O1232,2025-04-26,P002,Light Heather Grey,L,2,44.0
L0314,O1232,2025-04-26,P005,Laurel,L,1,20.0
L0315,O1233,2025-04-27,P007,Light Heather Grey,L,1,98.0
L0316,O1234,2025-04-27,P008,Chalk,M,1,22.0
L0317,O1234,2025-04-27,P007,Washed Onyx,XL,1,98.0
L0318,O1235,2025-04-27,P004,Obsidian,M,1,58.0
L0319,O1235,2025-04-27,P003,Obsidian,S,1,54.0
L0320,O1236,2025-04-27,P008,Jungle,M,1,22.0
L0321,O1236,2025-04-27,P002,Navy,L,1,44.0
L0322,O1237,2025-04-27,P008,Chalk,M,2,22.0
L0323,O1238,2025-04-30,P004,Atmosphere,L,1,58.0
L0324,O1239,2025-05-01,P002,Onyx,XL,1,44.0
L0325,O1239,2025-05-01,P005,Laurel,L,1,20.0
L0326,O1240,2025-05-02,P003,Raven,L,1,54.0
L0327,O1241,2025-05-02,P002,Chalk,M,1,44.0
L0328,O1242,2025-05-03,P006,Stone,L,2,88.0
L0329,O1242,2025-05-03,P005,Loden,2X,1,20.0
L0330,O1242,2025-05-03,P004,Atmosphere,5X,1,58.0
L0331,O1243,2025-05-03,P005,Oyster,L,1,20.0
L0332,O1243,2025-05-03,P008,Jungle,2X,1,22.0
L0333,O1244,2025-05-04,P004,Obsidian,3X,1,58.0
L0334,O1245,2025-05-04,P006,Stone,L,1,88.0
L0335,O1246,2025-05-05,P008,Jungle,M,1,22.0
L0336,O1246,2025-05-05,P002,Driftwood,M,1,44.0
L0337,O1247,2025-05-05,P003,Raven,XL,1,54.0
L0338,O1248,2025-05-05,P004,Atmosphere,2X,1,58.0
L0339,O1248,2025-05-05,P001,Washed Red,M,1,48.0
L0340,O1249,2025-05-06,P006,Stone,M,1,88.0
L0341,O1249,2025-05-06,P005,Gunmetal,M,3,20.0
L0342,O1250,2025-05-06,P002,Onyx,3X,1,44.0
L0343,O1251,2025-05-06,P002,Navy,M,1,44.0
L0344,O1251,2025-05-06,P008,Jungle,S,1,22.0
L0345,O1252,2025-05-06,P008,Onyx,XS,1,22.0
L0346,O1253,2025-05-06,P007,Washed Onyx,XL,2,98.0
L0347,O1254,2025-05-07,P003,Obsidian,XL,1,54.0
L0348,O1254,2025-05-07,P005,Chalk,M,2,20.0
L0349,O1255,2025-05-07,P007,Navy,XS,1,98.0
L0350,O1256,2025-05-09,P002,Chalk,XL,1,44.0
L0351,O1257,2025-05-10,P001,Obsidian,L,1,48.0
L0352,O1258,2025-05-11,P001,Chalk,XS,3,48.0
L0353,O1258,2025-05-11,P004,Obsidian,XL,2,58.0
L0354,O1258,2025-05-11,P002,Navy,XL,2,44.0
L0355,O1259,2025-05-11,P002,Navy,XL,1,44.0
L0356,O1259,2025-05-11,P008,Chalk,S,1,22.0
L0357,O1260,2025-05-12,P003,Chalk,M,1,54.0
L0358,O1260,2025-05-12,P002,Onyx,XL,1,44.0
L0359,O1261,2025-05-12,P005,Chalk,M,1,20.0
L0360,O1261,2025-05-12,P001,Atmosphere,M,1,48.0
L0361,O1262,2025-05-12,P005,Chalk,XL,1,20.0
L0362,O1263,2025-05-13,P005,Gunmetal,M,1,20.0
L0363,O1264,2025-05-13,P003,Obsidian,M,1,54.0
L0364,O1265,2025-05-13,P005,Currant,L,1,20.0
L0365,O1265,2025-05-13,P008,Jungle,L,1,22.0
L0366,O1266,2025-05-14,P001,Washed Red,L,1,48.0
L0367,O1266,2025-05-14,P002,Light Heather Grey,XL,1,44.0
L0368,O1267,2025-05-15,P005,Laurel,2X,2,20.0
L0369,O1268,2025-05-15,P003,Obsidian,M,1,54.0
L0370,O1269,2025-05-15,P008,Onyx,M,1,22.0
L0371,O1270,2025-05-15,P008,Chalk,XL,1,22.0
L0372,O1271,2025-05-16,P004,Atmosphere,M,1,58.0
L0373,O1271,2025-05-16,P002,Stone,L,1,44.0
L0374,O1272,2025-05-17,P003,Atmosphere,2X,2,54.0
L0375,O1272,2025-05-17,P005,Loden,M,2,20.0
L0376,O1273,2025-05-18,P004,Raven,XL,1,58.0
L0377,O1273,2025-05-18,P001,Washed Red,M,2,48.0
L0378,O1274,2025-05-18,P006,Stone,L,1,88.0
L0379,O1275,2025-05-19,P002,Light Heather Grey,L,1,44.0
L0380,O1276,2025-05-20,P001,Buff,L,1,48.0
L0381,O1277,2025-05-21,P006,Pacific,M,1,88.0
L0382,O1277,2025-05-21,P008,Onyx,M,1,22.0
L0383,O1277,2025-05-21,P005,Chalk,S,1,20.0
L0384,O1278,2025-05-21,P008,Chalk,M,1,22.0
L0385,O1279,2025-05-21,P005,Laurel,XL,1,20.0
L0386,O1280,2025-05-22,P004,Obsidian,L,1,58.0
L0387,O1280,2025-05-22,P001,Chalk,L,1,48.0
L0388,O1281,2025-05-23,P002,Stone,2X,1,44.0
L0389,O1282,2025-05-23,P008,Chalk,XL,1,22.0
L0390,O1283,2025-05-23,P002,Driftwood,M,1,44.0
L0391,O1284,2025-05-23,P008,Onyx,XL,1,22.0
L0392,O1285,2025-05-23,P001,Obsidian,M,1,48.0
L0393,O1286,2025-05-25,P005,Gunmetal,M,1,20.0
L0394,O1287,2025-05-26,P004,Chalk,2X,1,58.0
L0395,O1288,2025-05-27,P007,Washed Onyx,S,1,98.0
L0396,O1289,2025-05-27,P002,Onyx,S,1,44.0
L0397,O1290,2025-05-28,P001,Obsidian,L,1,48.0
L0398,O1290,2025-05-28,P002,Navy,XS,1,44.0
L0399,O1291,2025-05-28,P006,Jungle,XL,1,88.0
L0400,O1291,2025-05-28,P007,Washed Onyx,M,1,98.0
L0401,O1292,2025-05-28,P007,Light Heather Grey,XL,1,98.0
L0402,O1292,2025-05-28,P005,Chalk,L,1,20.0
L0403,O1293,2025-05-29,P004,Obsidian,XL,1,58.0
L0404,O1293,2025-05-29,P006,Stone,XL,1,88.0
L0405,O1294,2025-05-29,P008,Onyx,XL,1,22.0
L0406,O1295,2025-05-29,P005,Gunmetal,XL,1,20.0
L0407,O1296,2025-05-30,P006,Ash,XL,1,88.0
L0408,O1296,2025-05-30,P002,Navy,XL,1,44.0
L0409,O1297,2025-05-30,P003,Atmosphere,2X,1,54.0
L0410,O1298,2025-05-30,P002,Stone,XL,1,44.0
L0411,O1299,2025-05-30,P004,Obsidian,L,1,58.0
L0412,O1299,2025-05-30,P002,Navy,XL,1,44.0
L0413,O1300,2025-05-30,P008,Chalk,S,1,22.0
L0414,O1301,2025-05-31,P008,Chalk,L,1,22.0
L0415,O1301,2025-05-31,P005,Chalk,L,1,20.0
L0416,O1302,2025-05-31,P002,Stone,S,2,44.0
L0417,O1303,2025-05-31,P006,Stone,L,2,88.0
L0418,O1304,2025-06-01,P005,Loden,2X,1,20.0
L0419,O1304,2025-06-01,P001,Obsidian,L,1,48.0
L0420,O1304,2025-06-01,P004,Obsidian,XL,3,58.0
L0421,O1305,2025-06-02,P003,Atmosphere,XL,1,54.0
L0422,O1306,2025-06-03,P003,Obsidian,M,1,54.0
L0423,O1307,2025-06-03,P004,Chalk,S,1,58.0
L0424,O1308,2025-06-03,P001,Obsidian,S,1,48.0
L0425,O1308,2025-06-03,P002,Onyx,2X,1,44.0
L0426,O1309,2025-06-03,P001,Buff,L,1,48.0
L0427,O1310,2025-06-04,P005,Obsidian,2X,1,20.0
L0428,O1311,2025-06-04,P002,Stone,2X,2,44.0
L0429,O1312,2025-06-04,P008,Light Heather Grey,XL,1,22.0
L0430,O1312,2025-06-04,P002,Light Heather Grey,XL,2,44.0
L0431,O1313,2025-06-05,P002,Driftwood,L,2,44.0
L0432,O1314,2025-06-05,P006,Ash,L,1,88.0
L0433,O1314,2025-06-05,P002,Light Heather Grey,XL,2,44.0
L0434,O1315,2025-06-05,P004,Raven,2X,1,58.0
L0435,O1316,2025-06-07,P007,Shadow,S,1,98.0
L0436,O1317,2025-06-07,P004,Raven,L,1,58.0
L0437,O1318,2025-06-07,P007,Washed Onyx,XL,1,98.0
L0438,O1319,2025-06-07,P001,Obsidian,M,1,48.0
L0439,O1320,2025-06-07,P006,Stone,L,1,88.0
L0440,O1320,2025-06-07,P002,Onyx,XL,1,44.0
L0441,O1321,2025-06-08,P008,Jungle,M,1,22.0
L0442,O1322,2025-06-09,P001,Obsidian,L,1,48.0
L0443,O1323,2025-06-09,P001,Chalk,XL,1,48.0
L0444,O1324,2025-06-09,P006,Stone,XL,1,88.0
L0445,O1324,2025-06-09,P001,Obsidian,XL,1,48.0
L0446,O1325,2025-06-10,P005,Chalk,L,1,20.0
L0447,O1326,2025-06-10,P004,Obsidian,L,1,58.0
L0448,O1326,2025-06-10,P005,Oyster,M,1,20.0
L0449,O1327,2025-06-10,P001,Buff,L,1,48.0
L0450,O1328,2025-06-10,P008,Onyx,2X,1,22.0
L0451,O1329,2025-06-11,P005,Oyster,L,1,20.0
L0452,O1330,2025-06-11,P005,Chalk,M,2,20.0
L0453,O1331,2025-06-12,P002,Driftwood,XL,2,44.0
L0454,O1332,2025-06-12,P008,Jungle,2X,1,22.0
L0455,O1332,2025-06-12,P005,Oyster,XL,1,20.0
L0456,O1333,2025-06-12,P002,Onyx,M,2,44.0
L0457,O1333,2025-06-12,P001,Obsidian,L,2,48.0
L0458,O1334,2025-06-12,P008,Onyx,L,1,22.0
L0459,O1335,2025-06-12,P003,Chalk,M,1,54.0
L0460,O1336,2025-06-13,P001,Chalk,S,1,48.0
L0461,O1336,2025-06-13,P005,Gunmetal,L,1,20.0
L0462,O1337,2025-06-14,P001,Chalk,XS,2,48.0
L0463,O1338,2025-06-14,P001,Washed Red,M,1,48.0
L0464,O1339,2025-06-14,P002,Chalk,3X,1,44.0
L0465,O1340,2025-06-16,P008,Light Heather Grey,XL,1,22.0
L0466,O1341,2025-06-17,P008,Light Heather Grey,2X,2,22.0
L0467,O1342,2025-06-17,P001,Chalk,M,1,48.0
L0468,O1342,2025-06-17,P005,Laurel,XL,1,20.0
L0469,O1343,2025-06-18,P008,Chalk,L,1,22.0
L0470,O1344,2025-06-18,P008,Chalk,M,1,22.0
L0471,O1345,2025-06-19,P005,Obsidian,2X,2,20.0
L0472,O1346,2025-06-19,P001,Chalk,M,2,48.0
L0473,O1347,2025-06-20,P008,Chalk,M,1,22.0
L0474,O1348,2025-06-21,P002,Onyx,S,1,44.0
L0475,O1349,2025-06-21,P005,Gunmetal,M,1,20.0
L0476,O1349,2025-06-21,P008,Chalk,XL,2,22.0
L0477,O1350,2025-06-21,P004,Obsidian,M,1,58.0
L0478,O1351,2025-06-22,P004,Damson,XL,2,58.0
L0479,O1352,2025-06-22,P001,Buff,S,1,48.0
L0480,O1352,2025-06-22,P005,Oyster,M,1,20.0
L0481,O1353,2025-06-22,P002,Light Heather Grey,XL,1,44.0
L0482,O1354,2025-06-23,P005,Obsidian,M,1,20.0
L0483,O1355,2025-06-23,P001,Obsidian,L,1,48.0
L0484,O1356,2025-06-23,P002,Driftwood,L,1,44.0
L0485,O1356,2025-06-23,P001,Buff,S,1,48.0
L0486,O1357,2025-06-23,P002,Navy,M,1,44.0
L0487,O1358,2025-06-24,P002,Chalk,2X,1,44.0
L0488,O1358,2025-06-24,P005,Obsidian,L,1,20.0
L0489,O1359,2025-06-24,P004,Chalk,M,1,58.0
L0490,O1359,2025-06-24,P008,Light Heather Grey,3X,1,22.0
L0491,O1359,2025-06-24,P007,Washed Red,L,1,98.0
L0492,O1360,2025-06-25,P002,Chalk,3X,1,44.0
L0493,O1360,2025-06-25,P005,Obsidian,L,1,20.0
L0494,O1361,2025-06-25,P005,Chalk,L,1,20.0
L0495,O1362,2025-06-25,P005,Loden,3X,2,20.0
L0496,O1363,2025-06-26,P005,Loden,S,1,20.0
L0497,O1364,2025-06-26,P002,Driftwood,S,1,44.0
L0498,O1365,2025-06-26,P004,Atmosphere,M,2,58.0
L0499,O1365,2025-06-26,P001,Washed Red,5X,1,48.0
L0500,O1366,2025-06-27,P003,Chalk,L,1,54.0
L0501,O1366,2025-06-27,P004,Obsidian,2X,1,58.0
L0502,O1367,2025-06-27,P005,Obsidian,L,2,20.0
L0503,O1367,2025-06-27,P008,Chalk,XL,2,22.0
L0504,O1368,2025-06-27,P002,Light Heather Grey,XL,1,44.0
L0505,O1369,2025-06-27,P004,Raven,M,1,58.0
L0506,O1370,2025-06-28,P008,Jungle,XL,1,22.0
L0507,O1370,2025-06-28,P001,Buff,M,1,48.0
L0508,O1371,2025-06-28,P002,Driftwood,M,1,44.0
L0509,O1372,2025-06-28,P004,Chalk,M,2,58.0
L0510,O1372,2025-06-28,P008,Light Heather Grey,M,1,22.0
L0511,O1372,2025-06-28,P006,Ash,4X,1,88.0
L0512,O1373,2025-06-28,P002,Chalk,L,1,44.0
L0513,O1374,2025-06-29,P008,Chalk,S,1,22.0
L0514,O1375,2025-06-29,P001,Chalk,M,1,48.0
L0515,O1375,2025-06-29,P002,Chalk,M,1,44.0
L0516,O1376,2025-06-29,P008,Onyx,S,1,22.0
L0517,O1376,2025-06-29,P003,Chalk,L,1,54.0
L0518,O1377,2025-06-30,P006,Pacific,L,2,88.0
L0519,O1377,2025-06-30,P002,Navy,XS,1,44.0
L0520,O1378,2025-06-30,P002,Light Heather Grey,M,1,44.0
L0521,O1378,2025-06-30,P005,Chalk,M,2,20.0
L0522,O1379,2025-07-02,P005,Laurel,2X,1,20.0
L0523,O1379,2025-07-02,P006,Ash,M,1,88.0
L0524,O1380,2025-07-03,P003,Chalk,XL,1,54.0
L0525,O1381,2025-07-03,P004,Chalk,M,1,58.0
L0526,O1381,2025-07-03,P002,Light Heather Grey,XL,1,44.0
L0527,O1382,2025-07-04,P002,Navy,XL,3,44.0
L0528,O1383,2025-07-04,P002,Chalk,S,1,44.0
L0529,O1384,2025-07-04,P001,Atmosphere,4X,2,48.0
L0530,O1385,2025-07-04,P004,Raven,XL,1,58.0
L0531,O1386,2025-07-05,P001,Chalk,M,1,48.0
L0532,O1386,2025-07-05,P005,Obsidian,2X,1,20.0
L0533,O1387,2025-07-05,P001,Chalk,M,2,48.0
L0534,O1387,2025-07-05,P005,Chalk,L,1,20.0
L0535,O1388,2025-07-05,P005,Currant,XL,1,20.0
L0536,O1389,2025-07-06,P004,Damson,2X,1,58.0
L0537,O1389,2025-07-06,P002,Chalk,S,1,44.0
L0538,O1390,2025-07-07,P006,Stone,M,1,88.0
L0539,O1391,2025-07-07,P002,Navy,M,1,44.0
L0540,O1392,2025-07-07,P008,Onyx,L,2,22.0
L0541,O1392,2025-07-07,P005,Obsidian,L,1,20.0
L0542,O1393,2025-07-07,P005,Oyster,M,1,20.0
L0543,O1394,2025-07-08,P008,Onyx,M,1,22.0
L0544,O1395,2025-07-08,P005,Laurel,L,1,20.0
L0545,O1396,2025-07-08,P008,Light Heather Grey,L,1,22.0
L0546,O1397,2025-07-09,P002,Chalk,2X,1,44.0
L0547,O1398,2025-07-10,P003,Atmosphere,M,1,54.0
L0548,O1399,2025-07-10,P008,Chalk,M,1,22.0
L0549,O1399,2025-07-10,P003,Obsidian,L,2,54.0
L0550,O1400,2025-07-10,P005,Currant,L,1,20.0
L0551,O1401,2025-07-11,P005,Laurel,L,1,20.0
L0552,O1402,2025-07-11,P006,Stone,S,1,88.0
L0553,O1403,2025-07-12,P005,Obsidian,L,1,20.0
L0554,O1403,2025-07-12,P002,Light Heather Grey,XL,1,44.0
L0555,O1404,2025-07-12,P007,Navy,L,1,98.0
L0556,O1405,2025-07-12,P001,Obsidian,L,1,48.0
L0557,O1405,2025-07-12,P002,Driftwood,L,2,44.0
L0558,O1406,2025-07-12,P008,Onyx,4X,2,22.0
L0559,O1406,2025-07-12,P006,Ash,XL,1,88.0
L0560,O1407,2025-07-12,P008,Jungle,S,1,22.0
L0561,O1408,2025-07-12,P008,Onyx,L,1,22.0
L0562,O1409,2025-07-13,P002,Onyx,XL,1,44.0
L0563,O1409,2025-07-13,P001,Obsidian,M,1,48.0
L0564,O1410,2025-07-13,P001,Obsidian,M,1,48.0
L0565,O1410,2025-07-13,P002,Chalk,L,1,44.0
L0566,O1411,2025-07-13,P008,Jungle,L,1,22.0
L0567,O1411,2025-07-13,P005,Gunmetal,L,1,20.0
L0568,O1412,2025-07-14,P002,Onyx,4X,1,44.0
L0569,O1413,2025-07-14,P002,Navy,XL,1,44.0
L0570,O1413,2025-07-14,P005,Loden,XL,1,20.0
L0571,O1414,2025-07-14,P002,Light Heather Grey,M,1,44.0
L0572,O1415,2025-07-14,P004,Chalk,L,1,58.0
L0573,O1416,2025-07-16,P003,Obsidian,2X,1,54.0
L0574,O1417,2025-07-16,P006,Jungle,2X,1,88.0
L0575,O1417,2025-07-16,P001,Washed Red,S,1,48.0
L0576,O1418,2025-07-16,P005,Gunmetal,L,1,20.0
L0577,O1419,2025-07-16,P005,Obsidian,L,1,20.0
L0578,O1420,2025-07-16,P008,Chalk,M,1,22.0
L0579,O1421,2025-07-16,P006,Pacific,2X,1,88.0
L0580,O1422,2025-07-16,P002,Chalk,L,1,44.0
L0581,O1423,2025-07-17,P007,Jungle,2X,1,98.0
L0582,O1424,2025-07-17,P008,Onyx,3X,1,22.0
L0583,O1425,2025-07-17,P005,Oyster,2X,1,20.0
L0584,O1426,2025-07-18,P002,Stone,XL,2,44.0
L0585,O1427,2025-07-18,P002,Driftwood,M,1,44.0
L0586,O1427,2025-07-18,P005,Currant,L,1,20.0
L0587,O1428,2025-07-18,P003,Raven,XL,2,54.0
L0588,O1429,2025-07-18,P003,Chalk,XL,1,54.0
L0589,O1429,2025-07-18,P005,Obsidian,XL,2,20.0
L0590,O1429,2025-07-18,P008,Onyx,M,1,22.0
L0591,O1430,2025-07-19,P008,Chalk,L,1,22.0
L0592,O1431,2025-07-19,P004,Chalk,M,1,58.0
L0593,O1432,2025-07-19,P001,Obsidian,M,1,48.0
L0594,O1433,2025-07-19,P002,Navy,L,1,44.0
L0595,O1434,2025-07-20,P003,Raven,3X,1,54.0
L0596,O1434,2025-07-20,P005,Chalk,XL,1,20.0
L0597,O1434,2025-07-20,P004,Damson,3X,1,58.0
L0598,O1435,2025-07-21,P002,Light Heather Grey,XL,1,44.0
L0599,O1435,2025-07-21,P001,Washed Red,2X,1,48.0
L0600,O1436,2025-07-21,P001,Washed Red,XL,1,48.0
L0601,O1436,2025-07-21,P008,Chalk,S,1,22.0
L0602,O1437,2025-07-22,P001,Chalk,S,1,48.0
L0603,O1437,2025-07-22,P006,Stone,XL,1,88.0
L0604,O1437,2025-07-22,P007,Shadow,XS,1,98.0
L0605,O1438,2025-07-22,P001,Washed Red,M,1,48.0
L0606,O1439,2025-07-22,P006,Stone,3X,1,88.0
L0607,O1439,2025-07-22,P002,Onyx,2X,1,44.0
L0608,O1440,2025-07-23,P005,Gunmetal,S,3,20.0
L0609,O1441,2025-07-23,P006,Stone,2X,1,88.0
L0610,O1441,2025-07-23,P005,Loden,M,1,20.0
L0611,O1442,2025-07-23,P007,Jungle,L,3,98.0
L0612,O1442,2025-07-23,P001,Chalk,2X,1,48.0
L0613,O1443,2025-07-24,P008,Onyx,XS,1,22.0
L0614,O1444,2025-07-24,P002,Chalk,2X,1,44.0
L0615,O1445,2025-07-25,P007,Jungle,M,1,98.0
L0616,O1446,2025-07-25,P005,Obsidian,M,1,20.0
L0617,O1447,2025-07-25,P001,Obsidian,S,1,48.0
L0618,O1447,2025-07-25,P002,Navy,L,2,44.0
L0619,O1448,2025-07-26,P007,Light Heather Grey,3X,1,98.0
L0620,O1448,2025-07-26,P005,Obsidian,XL,1,20.0
L0621,O1449,2025-07-26,P002,Navy,XL,1,44.0
L0622,O1449,2025-07-26,P001,Washed Red,S,1,48.0
L0623,O1450,2025-07-27,P002,Onyx,XL,1,44.0
L0624,O1450,2025-07-27,P005,Obsidian,XL,2,20.0
L0625,O1451,2025-07-27,P001,Buff,M,1,48.0
L0626,O1452,2025-07-27,P005,Obsidian,XL,1,20.0
L0627,O1453,2025-07-27,P006,Pacific,M,1,88.0
L0628,O1454,2025-07-27,P001,Chalk,S,1,48.0
L0629,O1455,2025-07-28,P004,Obsidian,L,1,58.0
L0630,O1455,2025-07-28,P003,Obsidian,XL,1,54.0
L0631,O1456,2025-07-28,P001,Chalk,XL,1,48.0
L0632,O1457,2025-07-29,P002,Light Heather Grey,M,1,44.0
L0633,O1458,2025-07-29,P007,Jungle,S,1,98.0
L0634,O1458,2025-07-29,P002,Light Heather Grey,M,1,44.0
L0635,O1459,2025-07-30,P002,Light Heather Grey,L,1,44.0
L0636,O1459,2025-07-30,P001,Obsidian,M,1,48.0
L0637,O1460,2025-07-30,P002,Onyx,S,2,44.0
L0638,O1461,2025-07-30,P004,Chalk,L,1,58.0
L0639,O1462,2025-07-30,P001,Chalk,L,1,48.0
L0640,O1463,2025-07-30,P008,Light Heather Grey,L,1,22.0
L0641,O1464,2025-07-31,P005,Gunmetal,L,1,20.0
L0642,O1464,2025-07-31,P001,Washed Red,M,1,48.0
L0643,O1465,2025-07-31,P008,Onyx,L,1,22.0
L0644,O1465,2025-07-31,P005,Oyster,2X,1,20.0
L0645,O1466,2025-07-31,P002,Onyx,M,1,44.0
L0646,O1467,2025-07-31,P005,Oyster,XL,1,20.0
L0647,O1467,2025-07-31,P003,Obsidian,XL,1,54.0
L0648,O1468,2025-08-01,P002,Chalk,M,1,44.0
L0649,O1468,2025-08-01,P004,Obsidian,XL,1,58.0
L0650,O1469,2025-08-02,P003,Obsidian,S,1,54.0
L0651,O1469,2025-08-02,P005,Obsidian,M,1,20.0
L0652,O1470,2025-08-02,P001,Buff,M,1,48.0
L0653,O1471,2025-08-02,P005,Obsidian,M,1,20.0
L0654,O1472,2025-08-03,P002,Onyx,L,1,44.0
L0655,O1473,2025-08-04,P005,Gunmetal,XL,2,20.0
L0656,O1474,2025-08-04,P008,Chalk,L,1,22.0
L0657,O1475,2025-08-05,P008,Jungle,XL,1,22.0
L0658,O1476,2025-08-05,P003,Chalk,XS,1,54.0
L0659,O1477,2025-08-05,P008,Chalk,L,1,22.0
L0660,O1478,2025-08-05,P006,Ash,S,1,88.0
L0661,O1478,2025-08-05,P002,Chalk,M,1,44.0
L0662,O1479,2025-08-05,P003,Obsidian,L,1,54.0
L0663,O1479,2025-08-05,P002,Stone,M,1,44.0
L0664,O1480,2025-08-05,P005,Obsidian,L,1,20.0
L0665,O1481,2025-08-06,P005,Laurel,S,1,20.0
L0666,O1481,2025-08-06,P001,Obsidian,XL,1,48.0
L0667,O1482,2025-08-06,P002,Onyx,M,2,44.0
L0668,O1483,2025-08-07,P005,Currant,XL,1,20.0
L0669,O1484,2025-08-07,P004,Chalk,S,1,58.0
L0670,O1485,2025-08-07,P005,Obsidian,4X,1,20.0
L0671,O1486,2025-08-07,P008,Light Heather Grey,XL,1,22.0
L0672,O1487,2025-08-07,P008,Jungle,S,1,22.0
L0673,O1488,2025-08-08,P002,Chalk,M,1,44.0
L0674,O1489,2025-08-09,P005,Obsidian,L,1,20.0
L0675,O1490,2025-08-09,P008,Chalk,XL,1,22.0
L0676,O1490,2025-08-09,P004,Obsidian,XL,1,58.0
L0677,O1491,2025-08-09,P002,Chalk,4X,1,44.0
L0678,O1492,2025-08-10,P003,Raven,L,1,54.0
L0679,O1492,2025-08-10,P001,Buff,M,1,48.0
L0680,O1493,2025-08-10,P008,Onyx,4X,1,22.0
L0681,O1494,2025-08-10,P002,Chalk,XL,1,44.0
L0682,O1495,2025-08-10,P004,Obsidian,M,1,58.0
L0683,O1495,2025-08-10,P006,Pacific,XL,2,88.0
L0684,O1496,2025-08-10,P004,Atmosphere,S,1,58.0
L0685,O1496,2025-08-10,P003,Obsidian,L,2,54.0
L0686,O1497,2025-08-11,P005,Obsidian,L,2,20.0
L0687,O1497,2025-08-11,P001,Atmosphere,XS,2,48.0
L0688,O1498,2025-08-11,P002,Onyx,XL,1,44.0
L0689,O1499,2025-08-12,P003,Obsidian,XL,2,54.0
L0690,O1500,2025-08-13,P008,Jungle,2X,3,22.0
L0691,O1501,2025-08-13,P007,Jungle,2X,2,98.0
L0692,O1502,2025-08-14,P006,Stone,M,1,88.0
L0693,O1503,2025-08-15,P002,Stone,2X,1,44.0
L0694,O1503,2025-08-15,P001,Buff,4X,1,48.0
L0695,O1504,2025-08-15,P007,Navy,M,2,98.0
L0696,O1505,2025-08-15,P006,Pacific,L,1,88.0
L0697,O1506,2025-08-16,P001,Buff,M,1,48.0
L0698,O1507,2025-08-16,P005,Oyster,M,1,20.0
L0699,O1507,2025-08-16,P008,Onyx,4X,1,22.0
L0700,O1508,2025-08-17,P005,Obsidian,M,2,20.0
L0701,O1508,2025-08-17,P001,Obsidian,M,2,48.0
L0702,O1509,2025-08-17,P005,Loden,XL,1,20.0
L0703,O1509,2025-08-17,P003,Chalk,XL,1,54.0
L0704,O1510,2025-08-18,P005,Obsidian,M,2,20.0
L0705,O1511,2025-08-18,P005,Gunmetal,M,1,20.0
L0706,O1512,2025-08-18,P003,Atmosphere,L,1,54.0
L0707,O1512,2025-08-18,P002,Onyx,L,1,44.0
L0708,O1513,2025-08-19,P006,Jungle,XL,1,88.0
L0709,O1514,2025-08-20,P004,Damson,XS,1,58.0
L0710,O1515,2025-08-20,P005,Obsidian,XL,1,20.0
L0711,O1516,2025-08-21,P005,Obsidian,L,1,20.0
L0712,O1517,2025-08-22,P008,Light Heather Grey,XS,2,22.0
L0713,O1518,2025-08-22,P007,Light Heather Grey,XL,2,98.0
L0714,O1518,2025-08-22,P005,Chalk,M,2,20.0
L0715,O1519,2025-08-22,P008,Light Heather Grey,M,1,22.0
L0716,O1520,2025-08-22,P003,Atmosphere,M,1,54.0
L0717,O1521,2025-08-23,P002,Driftwood,XL,1,44.0
L0718,O1522,2025-08-24,P008,Onyx,L,1,22.0
L0719,O1523,2025-08-25,P006,Stone,XS,1,88.0
L0720,O1523,2025-08-25,P004,Raven,L,1,58.0
L0721,O1524,2025-08-25,P001,Obsidian,L,1,48.0
L0722,O1524,2025-08-25,P005,Gunmetal,M,1,20.0
L0723,O1525,2025-08-25,P001,Obsidian,L,1,48.0
L0724,O1526,2025-08-26,P006,Ash,XL,1,88.0
L0725,O1527,2025-08-27,P003,Chalk,L,1,54.0
L0726,O1528,2025-08-28,P001,Atmosphere,L,1,48.0
L0727,O1529,2025-08-28,P005,Laurel,M,1,20.0
L0728,O1530,2025-08-28,P004,Atmosphere,M,1,58.0
L0729,O1531,2025-08-30,P002,Light Heather Grey,L,1,44.0
L0730,O1531,2025-08-30,P006,Stone,M,1,88.0
L0731,O1532,2025-08-30,P006,Pacific,2X,1,88.0
L0732,O1533,2025-08-31,P006,Jungle,M,1,88.0
L0733,O1534,2025-09-01,P008,Jungle,M,1,22.0
L0734,O1535,2025-09-02,P007,Shadow,2X,2,98.0
L0735,O1536,2025-09-02,P002,Onyx,3X,1,44.0
L0736,O1537,2025-09-02,P008,Jungle,M,2,22.0
L0737,O1537,2025-09-02,P005,Loden,3X,1,20.0
L0738,O1538,2025-09-03,P006,Jungle,L,1,88.0
L0739,O1539,2025-09-04,P008,Light Heather Grey,3X,1,22.0
L0740,O1539,2025-09-04,P005,Chalk,S,2,20.0
L0741,O1540,2025-09-05,P005,Laurel,XL,1,20.0
L0742,O1541,2025-09-05,P008,Chalk,M,3,22.0
L0743,O1541,2025-09-05,P004,Obsidian,XL,1,58.0
L0744,O1542,2025-09-06,P005,Obsidian,M,1,20.0
L0745,O1543,2025-09-06,P008,Onyx,S,2,22.0
L0746,O1544,2025-09-07,P002,Onyx,L,3,44.0
L0747,O1545,2025-09-07,P001,Chalk,L,1,48.0
L0748,O1546,2025-09-08,P005,Obsidian,2X,1,20.0
L0749,O1547,2025-09-08,P001,Washed Red,2X,1,48.0
L0750,O1547,2025-09-08,P003,Chalk,2X,1,54.0
L0751,O1548,2025-09-08,P004,Damson,XS,1,58.0
L0752,O1548,2025-09-08,P008,Onyx,2X,2,22.0
L0753,O1549,2025-09-09,P005,Currant,M,1,20.0
L0754,O1550,2025-09-09,P002,Onyx,L,1,44.0
L0755,O1550,2025-09-09,P005,Chalk,L,1,20.0
L0756,O1551,2025-09-10,P002,Stone,XL,1,44.0
L0757,O1551,2025-09-10,P004,Obsidian,XL,1,58.0
L0758,O1552,2025-09-10,P002,Navy,M,1,44.0
L0759,O1552,2025-09-10,P003,Atmosphere,L,1,54.0
L0760,O1553,2025-09-10,P005,Currant,M,1,20.0
L0761,O1554,2025-09-11,P004,Obsidian,XL,1,58.0
L0762,O1555,2025-09-11,P005,Chalk,M,1,20.0
L0763,O1555,2025-09-11,P004,Damson,L,1,58.0
L0764,O1555,2025-09-11,P007,Jungle,2X,2,98.0
L0765,O1556,2025-09-12,P008,Onyx,M,2,22.0
L0766,O1557,2025-09-13,P005,Obsidian,XL,2,20.0
L0767,O1558,2025-09-13,P005,Loden,XS,1,20.0
L0768,O1558,2025-09-13,P006,Jungle,XL,2,88.0
L0769,O1559,2025-09-13,P008,Jungle,M,1,22.0
L0770,O1560,2025-09-14,P003,Obsidian,M,1,54.0
L0771,O1561,2025-09-14,P008,Chalk,L,1,22.0
L0772,O1561,2025-09-14,P001,Obsidian,2X,2,48.0
L0773,O1561,2025-09-14,P005,Oyster,XL,1,20.0
L0774,O1562,2025-09-15,P001,Washed Red,M,1,48.0
L0775,O1562,2025-09-15,P008,Onyx,XL,1,22.0
L0776,O1563,2025-09-15,P003,Obsidian,3X,1,54.0
L0777,O1564,2025-09-15,P005,Obsidian,M,1,20.0
L0778,O1564,2025-09-15,P001,Chalk,L,1,48.0
L0779,O1564,2025-09-15,P002,Driftwood,S,1,44.0
L0780,O1565,2025-09-16,P007,Shadow,M,1,98.0
L0781,O1566,2025-09-16,P002,Onyx,L,1,44.0
L0782,O1566,2025-09-16,P003,Obsidian,2X,1,54.0
L0783,O1567,2025-09-18,P002,Navy,XL,1,44.0
L0784,O1568,2025-09-18,P008,Chalk,S,1,22.0
L0785,O1568,2025-09-18,P006,Pacific,L,1,88.0
L0786,O1568,2025-09-18,P007,Washed Onyx,XL,1,98.0
L0787,O1569,2025-09-18,P004,Atmosphere,M,1,58.0
L0788,O1570,2025-09-18,P005,Oyster,M,2,20.0
L0789,O1571,2025-09-19,P003,Obsidian,S,1,54.0
L0790,O1572,2025-09-19,P002,Onyx,M,1,44.0
L0791,O1572,2025-09-19,P003,Raven,L,1,54.0
L0792,O1573,2025-09-19,P003,Atmosphere,XL,1,54.0
L0793,O1573,2025-09-19,P002,Chalk,XL,1,44.0
L0794,O1574,2025-09-20,P002,Navy,M,1,44.0
L0795,O1575,2025-09-21,P008,Jungle,L,1,22.0
L0796,O1576,2025-09-21,P001,Washed Red,L,1,48.0
L0797,O1577,2025-09-21,P008,Chalk,XS,1,22.0
L0798,O1577,2025-09-21,P003,Atmosphere,XL,1,54.0
L0799,O1578,2025-09-21,P004,Obsidian,S,1,58.0
L0800,O1578,2025-09-21,P006,Jungle,M,1,88.0
L0801,O1579,2025-09-21,P004,Chalk,M,1,58.0
L0802,O1579,2025-09-21,P001,Washed Red,XL,1,48.0
L0803,O1579,2025-09-21,P002,Light Heather Grey,L,1,44.0
L0804,O1580,2025-09-22,P006,Stone,XL,1,88.0
L0805,O1581,2025-09-22,P003,Chalk,L,1,54.0
L0806,O1581,2025-09-22,P008,Onyx,XL,1,22.0
L0807,O1582,2025-09-23,P002,Stone,M,1,44.0
L0808,O1582,2025-09-23,P005,Laurel,XL,2,20.0
L0809,O1583,2025-09-23,P004,Raven,XL,1,58.0
L0810,O1583,2025-09-23,P002,Onyx,L,1,44.0
L0811,O1584,2025-09-24,P002,Navy,L,1,44.0
L0812,O1584,2025-09-24,P005,Obsidian,M,1,20.0
L0813,O1585,2025-09-24,P002,Driftwood,4X,1,44.0
L0814,O1586,2025-09-25,P002,Chalk,M,2,44.0
L0815,O1587,2025-09-25,P007,Washed Onyx,M,1,98.0
L0816,O1587,2025-09-25,P005,Laurel,2X,1,20.0
L0817,O1588,2025-09-25,P002,Onyx,L,1,44.0
L0818,O1588,2025-09-25,P005,Chalk,2X,2,20.0
L0819,O1589,2025-09-26,P005,Gunmetal,XL,1,20.0
L0820,O1589,2025-09-26,P002,Onyx,M,1,44.0
L0821,O1590,2025-09-26,P004,Obsidian,S,1,58.0
L0822,O1591,2025-09-26,P002,Stone,M,1,44.0
L0823,O1592,2025-09-26,P005,Laurel,XL,1,20.0
L0824,O1592,2025-09-26,P002,Onyx,L,1,44.0
L0825,O1592,2025-09-26,P007,Light Heather Grey,M,1,98.0
L0826,O1593,2025-09-26,P001,Chalk,M,1,48.0
L0827,O1594,2025-09-27,P005,Obsidian,M,1,20.0
L0828,O1594,2025-09-27,P008,Light Heather Grey,2X,1,22.0
L0829,O1595,2025-09-27,P001,Chalk,M,1,48.0
L0830,O1596,2025-09-27,P002,Driftwood,XS,1,44.0
L0831,O1597,2025-09-28,P001,Washed Red,M,1,48.0
L0832,O1598,2025-09-28,P008,Onyx,L,1,22.0
L0833,O1598,2025-09-28,P001,Obsidian,XL,1,48.0
L0834,O1599,2025-09-28,P007,Navy,M,1,98.0
L0835,O1599,2025-09-28,P008,Jungle,M,1,22.0
L0836,O1600,2025-09-28,P007,Jungle,S,1,98.0
L0837,O1601,2025-09-28,P005,Obsidian,XL,1,20.0
L0838,O1601,2025-09-28,P003,Atmosphere,XL,1,54.0
L0839,O1602,2025-09-28,P003,Atmosphere,XS,1,54.0
L0840,O1603,2025-09-29,P007,Navy,XL,1,98.0
L0841,O1603,2025-09-29,P005,Chalk,L,1,20.0
L0842,O1604,2025-09-29,P003,Obsidian,M,3,54.0
L0843,O1605,2025-09-30,P005,Obsidian,L,1,20.0
L0844,O1606,2025-09-30,P003,Raven,3X,1,54.0
L0845,O1607,2025-09-30,P004,Raven,L,1,58.0
L0846,O1608,2025-10-01,P005,Oyster,2X,1,20.0
L0847,O1608,2025-10-01,P006,Ash,M,1,88.0
L0848,O1609,2025-10-02,P003,Atmosphere,M,1,54.0
L0849,O1609,2025-10-02,P001,Obsidian,L,1,48.0
L0850,O1609,2025-10-02,P008,Chalk,L,1,22.0
L0851,O1610,2025-10-02,P003,Obsidian,S,1,54.0
L0852,O1611,2025-10-02,P003,Chalk,M,1,54.0
L0853,O1612,2025-10-02,P007,Washed Onyx,M,1,98.0
L0854,O1613,2025-10-02,P004,Raven,XL,1,58.0
L0855,O1613,2025-10-02,P007,Washed Onyx,S,1,98.0
L0856,O1614,2025-10-03,P006,Ash,M,2,88.0
L0857,O1615,2025-10-03,P002,Stone,M,1,44.0
L0858,O1616,2025-10-03,P006,Pacific,S,2,88.0
L0859,O1617,2025-10-04,P002,Navy,S,1,44.0
L0860,O1617,2025-10-04,P005,Obsidian,M,1,20.0
L0861,O1618,2025-10-04,P006,Jungle,2X,2,88.0
L0862,O1619,2025-10-04,P005,Loden,XS,1,20.0
L0863,O1619,2025-10-04,P002,Stone,M,1,44.0
L0864,O1620,2025-10-04,P005,Chalk,M,1,20.0
L0865,O1620,2025-10-04,P002,Onyx,XS,1,44.0
L0866,O1621,2025-10-04,P007,Light Heather Grey,XL,1,98.0
L0867,O1622,2025-10-05,P002,Stone,S,1,44.0
L0868,O1623,2025-10-05,P002,Navy,XL,1,44.0
L0869,O1623,2025-10-05,P007,Washed Red,M,1,98.0
L0870,O1624,2025-10-06,P002,Onyx,L,1,44.0
L0871,O1625,2025-10-06,P005,Obsidian,L,1,20.0
L0872,O1626,2025-10-06,P005,Laurel,XL,1,20.0
L0873,O1627,2025-10-07,P001,Buff,XL,2,48.0
L0874,O1628,2025-10-07,P007,Light Heather Grey,XL,1,98.0
L0875,O1629,2025-10-08,P003,Atmosphere,XL,2,54.0
L0876,O1630,2025-10-08,P005,Chalk,L,2,20.0
L0877,O1631,2025-10-08,P003,Raven,XL,2,54.0
L0878,O1632,2025-10-08,P002,Onyx,M,2,44.0
L0879,O1633,2025-10-09,P004,Chalk,L,1,58.0
L0880,O1633,2025-10-09,P008,Jungle,M,1,22.0
L0881,O1634,2025-10-09,P006,Pacific,M,1,88.0
L0882,O1634,2025-10-09,P005,Obsidian,L,1,20.0
L0883,O1635,2025-10-09,P003,Obsidian,L,1,54.0
L0884,O1635,2025-10-09,P005,Obsidian,XL,3,20.0
L0885,O1636,2025-10-10,P004,Atmosphere,M,1,58.0
L0886,O1637,2025-10-10,P007,Shadow,XL,1,98.0
L0887,O1638,2025-10-10,P008,Chalk,XL,1,22.0
L0888,O1639,2025-10-10,P005,Oyster,L,2,20.0
L0889,O1639,2025-10-10,P007,Jungle,2X,1,98.0
L0890,O1640,2025-10-12,P004,Raven,XL,1,58.0
L0891,O1641,2025-10-12,P005,Laurel,XL,1,20.0
L0892,O1642,2025-10-12,P008,Onyx,S,2,22.0
L0893,O1642,2025-10-12,P003,Obsidian,M,1,54.0
L0894,O1642,2025-10-12,P007,Shadow,L,1,98.0
L0895,O1643,2025-10-13,P008,Light Heather Grey,S,1,22.0
L0896,O1644,2025-10-13,P002,Light Heather Grey,2X,1,44.0
L0897,O1644,2025-10-13,P003,Chalk,S,1,54.0
L0898,O1644,2025-10-13,P004,Chalk,XL,2,58.0
L0899,O1645,2025-10-14,P003,Atmosphere,XL,2,54.0
L0900,O1645,2025-10-14,P005,Obsidian,XS,2,20.0
L0901,O1646,2025-10-14,P001,Washed Red,XL,1,48.0
L0902,O1647,2025-10-14,P006,Pacific,L,1,88.0
L0903,O1648,2025-10-15,P002,Onyx,XL,1,44.0
L0904,O1648,2025-10-15,P005,Gunmetal,L,2,20.0
L0905,O1649,2025-10-15,P002,Light Heather Grey,2X,1,44.0
L0906,O1650,2025-10-15,P007,Light Heather Grey,M,1,98.0
L0907,O1651,2025-10-17,P001,Washed Red,M,1,48.0
L0908,O1652,2025-10-17,P002,Stone,S,1,44.0
L0909,O1653,2025-10-17,P002,Chalk,XL,1,44.0
L0910,O1654,2025-10-18,P007,Light Heather Grey,S,1,98.0
L0911,O1654,2025-10-18,P001,Chalk,L,2,48.0
L0912,O1655,2025-10-18,P005,Gunmetal,2X,1,20.0
L0913,O1655,2025-10-18,P001,Buff,M,1,48.0
L0914,O1656,2025-10-19,P008,Light Heather Grey,XL,1,22.0
L0915,O1657,2025-10-19,P002,Driftwood,XL,2,44.0
L0916,O1658,2025-10-19,P003,Atmosphere,M,2,54.0
L0917,O1659,2025-10-19,P005,Obsidian,L,1,20.0
L0918,O1660,2025-10-20,P008,Light Heather Grey,M,1,22.0
L0919,O1661,2025-10-20,P005,Obsidian,L,1,20.0
L0920,O1662,2025-10-21,P006,Pacific,M,1,88.0
L0921,O1662,2025-10-21,P001,Obsidian,M,2,48.0
L0922,O1663,2025-10-21,P001,Chalk,M,1,48.0
L0923,O1664,2025-10-22,P002,Driftwood,M,1,44.0
L0924,O1665,2025-10-22,P001,Chalk,L,1,48.0
L0925,O1666,2025-10-22,P002,Chalk,2X,3,44.0
L0926,O1667,2025-10-23,P008,Chalk,L,1,22.0
L0927,O1667,2025-10-23,P001,Atmosphere,L,1,48.0
L0928,O1668,2025-10-23,P008,Onyx,M,1,22.0
L0929,O1668,2025-10-23,P001,Obsidian,S,1,48.0
L0930,O1669,2025-10-24,P003,Raven,2X,1,54.0
L0931,O1670,2025-10-24,P003,Raven,M,1,54.0
L0932,O1671,2025-10-24,P002,Onyx,2X,1,44.0
L0933,O1671,2025-10-24,P001,Obsidian,L,1,48.0
L0934,O1672,2025-10-24,P005,Gunmetal,4X,1,20.0
L0935,O1672,2025-10-24,P006,Ash,M,1,88.0
L0936,O1673,2025-10-25,P003,Atmosphere,L,1,54.0
L0937,O1673,2025-10-25,P001,Washed Red,M,1,48.0
L0938,O1674,2025-10-26,P005,Chalk,XL,1,20.0
L0939,O1674,2025-10-26,P007,Navy,L,1,98.0
L0940,O1675,2025-10-26,P002,Onyx,L,1,44.0
L0941,O1676,2025-10-26,P003,Obsidian,S,2,54.0
L0942,O1677,2025-10-26,P007,Light Heather Grey,M,1,98.0
L0943,O1678,2025-10-26,P005,Laurel,5X,1,20.0
L0944,O1679,2025-10-27,P002,Light Heather Grey,XL,1,44.0
L0945,O1680,2025-10-27,P007,Washed Onyx,L,1,98.0
L0946,O1681,2025-10-27,P002,Chalk,M,1,44.0
L0947,O1681,2025-10-27,P001,Obsidian,M,1,48.0
L0948,O1682,2025-10-28,P004,Obsidian,3X,2,58.0
L0949,O1683,2025-10-28,P002,Light Heather Grey,M,1,44.0
L0950,O1683,2025-10-28,P003,Obsidian,L,2,54.0
L0951,O1684,2025-10-28,P002,Stone,S,1,44.0
L0952,O1685,2025-10-28,P002,Light Heather Grey,M,2,44.0
L0953,O1685,2025-10-28,P004,Atmosphere,XL,2,58.0
L0954,O1686,2025-10-28,P004,Raven,L,1,58.0
L0955,O1687,2025-10-29,P008,Onyx,L,1,22.0
L0956,O1688,2025-10-29,P006,Jungle,L,1,88.0
L0957,O1689,2025-10-29,P008,Onyx,L,1,22.0
L0958,O1690,2025-10-30,P004,Chalk,S,3,58.0
L0959,O1691,2025-10-31,P006,Pacific,XS,1,88.0
L0960,O1691,2025-10-31,P004,Chalk,XL,1,58.0
L0961,O1692,2025-11-01,P005,Oyster,2X,1,20.0
L0962,O1692,2025-11-01,P006,Pacific,M,1,88.0
L0963,O1692,2025-11-01,P002,Light Heather Grey,M,1,44.0
L0964,O1693,2025-11-01,P005,Obsidian,M,1,20.0
L0965,O1694,2025-11-01,P002,Light Heather Grey,S,1,44.0
L0966,O1695,2025-11-01,P005,Obsidian,M,1,20.0
L0967,O1696,2025-11-02,P002,Onyx,3X,1,44.0
L0968,O1696,2025-11-02,P008,Chalk,XL,1,22.0
L0969,O1697,2025-11-02,P008,Light Heather Grey,L,1,22.0
L0970,O1697,2025-11-02,P003,Atmosphere,M,2,54.0
L0971,O1698,2025-11-02,P001,Chalk,3X,1,48.0
L0972,O1698,2025-11-02,P008,Light Heather Grey,L,1,22.0
L0973,O1699,2025-11-02,P008,Light Heather Grey,M,1,22.0
L0974,O1700,2025-11-02,P005,Chalk,S,1,20.0
L0975,O1701,2025-11-03,P005,Gunmetal,XL,1,20.0
L0976,O1701,2025-11-03,P006,Jungle,M,1,88.0
L0977,O1702,2025-11-04,P005,Laurel,M,1,20.0
L0978,O1703,2025-11-04,P002,Driftwood,XL,1,44.0
L0979,O1704,2025-11-05,P001,Buff,XS,1,48.0
L0980,O1704,2025-11-05,P008,Onyx,L,1,22.0
L0981,O1705,2025-11-05,P001,Obsidian,L,1,48.0
L0982,O1705,2025-11-05,P007,Washed Red,XL,1,98.0
L0983,O1706,2025-11-05,P008,Light Heather Grey,L,1,22.0
L0984,O1707,2025-11-06,P003,Obsidian,XL,1,54.0
L0985,O1707,2025-11-06,P002,Onyx,M,2,44.0
L0986,O1708,2025-11-06,P005,Gunmetal,XS,1,20.0
L0987,O1709,2025-11-07,P001,Chalk,M,1,48.0
L0988,O1709,2025-11-07,P002,Chalk,M,2,44.0
L0989,O1710,2025-11-08,P002,Navy,L,1,44.0
L0990,O1710,2025-11-08,P003,Obsidian,M,3,54.0
L0991,O1711,2025-11-08,P005,Obsidian,L,1,20.0
L0992,O1711,2025-11-08,P008,Light Heather Grey,2X,1,22.0
L0993,O1711,2025-11-08,P007,Navy,M,1,98.0
L0994,O1712,2025-11-09,P002,Navy,L,1,44.0
L0995,O1713,2025-11-09,P003,Raven,L,1,54.0
L0996,O1714,2025-11-10,P002,Chalk,2X,1,44.0
L0997,O1715,2025-11-11,P007,Navy,L,1,98.0
L0998,O1716,2025-11-11,P004,Raven,3X,1,58.0
L0999,O1717,2025-11-12,P005,Chalk,2X,1,20.0
L1000,O1718,2025-11-12,P008,Chalk,XL,1,22.0
L1001,O1719,2025-11-12,P002,Driftwood,3X,1,44.0
L1002,O1719,2025-11-12,P006,Stone,L,2,88.0
L1003,O1720,2025-11-13,P004,Obsidian,L,1,58.0
L1004,O1721,2025-11-14,P006,Stone,2X,1,88.0
L1005,O1721,2025-11-14,P007,Shadow,XL,1,98.0
L1006,O1722,2025-11-14,P002,Navy,XL,1,44.0
L1007,O1722,2025-11-14,P007,Light Heather Grey,2X,2,98.0
L1008,O1723,2025-11-14,P002,Navy,M,1,44.0
L1009,O1724,2025-11-15,P002,Navy,L,1,44.0
L1010,O1725,2025-11-15,P005,Chalk,S,1,20.0
L1011,O1726,2025-11-16,P005,Obsidian,S,1,20.0
L1012,O1727,2025-11-16,P004,Chalk,2X,1,58.0
L1013,O1728,2025-11-16,P002,Onyx,L,1,44.0
L1014,O1729,2025-11-16,P002,Onyx,XL,1,44.0
L1015,O1730,2025-11-16,P005,Laurel,XL,1,20.0
L1016,O1731,2025-11-16,P003,Atmosphere,M,1,54.0
L1017,O1732,2025-11-16,P001,Atmosphere,M,1,48.0
L1018,O1732,2025-11-16,P002,Driftwood,L,1,44.0
L1019,O1733,2025-11-17,P008,Chalk,XS,1,22.0
L1020,O1733,2025-11-17,P004,Atmosphere,M,1,58.0
L1021,O1734,2025-11-19,P005,Obsidian,XL,1,20.0
L1022,O1735,2025-11-19,P005,Chalk,XL,1,20.0
L1023,O1735,2025-11-19,P001,Chalk,XL,1,48.0
L1024,O1736,2025-11-19,P006,Stone,M,1,88.0
L1025,O1737,2025-11-20,P002,Onyx,2X,1,44.0
L1026,O1737,2025-11-20,P007,Light Heather Grey,5X,1,98.0
L1027,O1738,2025-11-21,P003,Atmosphere,L,1,54.0
L1028,O1739,2025-11-21,P002,Onyx,M,1,44.0
L1029,O1739,2025-11-21,P004,Chalk,S,1,58.0
L1030,O1740,2025-11-22,P004,Chalk,M,2,58.0
L1031,O1741,2025-11-22,P006,Ash,4X,1,88.0
L1032,O1742,2025-11-22,P006,Ash,XL,1,88.0
L1033,O1743,2025-11-22,P008,Chalk,M,1,22.0
L1034,O1744,2025-11-23,P001,Obsidian,XL,1,48.0
L1035,O1745,2025-11-23,P008,Onyx,XL,1,22.0
L1036,O1745,2025-11-23,P004,Obsidian,XL,1,58.0
L1037,O1746,2025-11-23,P002,Onyx,S,1,44.0
L1038,O1747,2025-11-23,P006,Ash,L,1,88.0
L1039,O1747,2025-11-23,P008,Jungle,4X,1,22.0
L1040,O1748,2025-11-24,P006,Stone,L,1,88.0
L1041,O1749,2025-11-24,P008,Onyx,XS,1,22.0
L1042,O1750,2025-11-24,P005,Chalk,M,2,20.0
L1043,O1750,2025-11-24,P002,Driftwood,M,1,44.0
L1044,O1751,2025-11-25,P002,Chalk,XL,1,44.0
L1045,O1752,2025-11-26,P003,Chalk,L,1,54.0
L1046,O1753,2025-11-26,P005,Laurel,M,2,20.0
L1047,O1753,2025-11-26,P003,Obsidian,XL,1,54.0
L1048,O1754,2025-11-26,P002,Driftwood,M,1,44.0
L1049,O1754,2025-11-26,P003,Obsidian,L,1,54.0
L1050,O1755,2025-11-26,P005,Obsidian,M,1,20.0
L1051,O1755,2025-11-26,P004,Raven,M,1,58.0
L1052,O1756,2025-11-27,P004,Raven,S,1,58.0
L1053,O1757,2025-11-27,P002,Onyx,XL,1,44.0
L1054,O1757,2025-11-27,P008,Onyx,M,1,22.0
L1055,O1758,2025-11-27,P002,Navy,2X,1,44.0
L1056,O1758,2025-11-27,P004,Obsidian,XL,1,58.0
L1057,O1759,2025-11-27,P002,Onyx,L,1,44.0
L1058,O1760,2025-11-28,P002,Driftwood,M,1,44.0
L1059,O1761,2025-11-28,P002,Light Heather Grey,M,1,44.0
L1060,O1762,2025-11-29,P003,Obsidian,L,1,54.0
L1061,O1763,2025-11-29,P008,Onyx,M,1,22.0
L1062,O1763,2025-11-29,P003,Obsidian,M,1,54.0
L1063,O1764,2025-11-29,P007,Light Heather Grey,2X,1,98.0
L1064,O1764,2025-11-29,P004,Obsidian,XL,1,58.0
L1065,O1765,2025-11-29,P002,Stone,S,1,44.0
L1066,O1766,2025-11-29,P005,Loden,L,1,20.0
L1067,O1766,2025-11-29,P001,Obsidian,XL,2,48.0
L1068,O1767,2025-11-30,P005,Obsidian,M,2,20.0
L1069,O1768,2025-11-30,P002,Onyx,S,1,44.0
L1070,O1769,2025-12-01,P003,Raven,S,1,54.0
L1071,O1769,2025-12-01,P005,Currant,L,1,20.0
L1072,O1770,2025-12-01,P008,Chalk,L,2,22.0
L1073,O1771,2025-12-01,P001,Chalk,M,2,48.0
L1074,O1771,2025-12-01,P005,Loden,M,1,20.0
L1075,O1772,2025-12-01,P005,Gunmetal,L,1,20.0
L1076,O1772,2025-12-01,P001,Chalk,XL,2,48.0
L1077,O1773,2025-12-02,P007,Jungle,S,1,98.0
L1078,O1774,2025-12-02,P004,Raven,2X,1,58.0
L1079,O1775,2025-12-02,P003,Chalk,L,1,54.0
L1080,O1776,2025-12-03,P005,Oyster,XL,1,20.0
L1081,O1776,2025-12-03,P008,Onyx,S,1,22.0
L1082,O1777,2025-12-03,P002,Onyx,L,1,44.0
L1083,O1777,2025-12-03,P003,Raven,4X,1,54.0
L1084,O1777,2025-12-03,P004,Chalk,M,1,58.0
L1085,O1778,2025-12-03,P004,Damson,XS,1,58.0
L1086,O1779,2025-12-04,P004,Obsidian,M,1,58.0
L1087,O1780,2025-12-04,P002,Light Heather Grey,L,2,44.0
L1088,O1781,2025-12-04,P001,Washed Red,L,1,48.0
L1089,O1782,2025-12-05,P002,Light Heather Grey,2X,1,44.0
L1090,O1783,2025-12-05,P008,Light Heather Grey,L,1,22.0
L1091,O1784,2025-12-05,P004,Chalk,L,2,58.0
L1092,O1785,2025-12-06,P001,Washed Red,M,1,48.0
L1093,O1786,2025-12-06,P008,Chalk,2X,1,22.0
L1094,O1787,2025-12-06,P008,Onyx,3X,1,22.0
L1095,O1787,2025-12-06,P002,Onyx,XL,1,44.0
L1096,O1787,2025-12-06,P003,Chalk,S,1,54.0
L1097,O1788,2025-12-07,P005,Obsidian,3X,1,20.0
L1098,O1789,2025-12-07,P001,Chalk,XL,1,48.0
L1099,O1790,2025-12-07,P002,Onyx,3X,1,44.0
L1100,O1791,2025-12-07,P005,Laurel,M,2,20.0
L1101,O1792,2025-12-08,P008,Chalk,XS,1,22.0
L1102,O1792,2025-12-08,P003,Raven,S,1,54.0
L1103,O1793,2025-12-09,P001,Chalk,M,1,48.0
L1104,O1794,2025-12-09,P007,Jungle,L,1,98.0
L1105,O1794,2025-12-09,P002,Driftwood,L,1,44.0
L1106,O1794,2025-12-09,P008,Chalk,M,2,22.0
L1107,O1795,2025-12-09,P005,Laurel,L,1,20.0
L1108,O1796,2025-12-09,P008,Onyx,2X,1,22.0
L1109,O1797,2025-12-10,P006,Ash,M,1,88.0
L1110,O1798,2025-12-11,P008,Light Heather Grey,XL,1,22.0
L1111,O1799,2025-12-12,P002,Navy,L,1,44.0
L1112,O1799,2025-12-12,P007,Shadow,M,1,98.0
L1113,O1800,2025-12-12,P005,Chalk,4X,3,20.0
L1114,O1800,2025-12-12,P006,Pacific,M,1,88.0
L1115,O1801,2025-12-13,P001,Buff,4X,1,48.0
L1116,O1801,2025-12-13,P004,Atmosphere,S,1,58.0
L1117,O1802,2025-12-13,P004,Obsidian,M,1,58.0
L1118,O1802,2025-12-13,P005,Gunmetal,2X,1,20.0
L1119,O1803,2025-12-13,P002,Stone,XS,1,44.0
L1120,O1804,2025-12-13,P001,Chalk,XL,1,48.0
L1121,O1805,2025-12-13,P005,Gunmetal,M,1,20.0
L1122,O1806,2025-12-15,P003,Chalk,M,1,54.0
L1123,O1806,2025-12-15,P002,Onyx,XL,1,44.0
L1124,O1807,2025-12-15,P006,Jungle,S,1,88.0
L1125,O1808,2025-12-15,P004,Obsidian,L,1,58.0
L1126,O1809,2025-12-15,P003,Chalk,M,1,54.0
L1127,O1810,2025-12-16,P008,Light Heather Grey,M,1,22.0
L1128,O1811,2025-12-16,P005,Obsidian,XL,1,20.0
L1129,O1811,2025-12-16,P004,Obsidian,XL,1,58.0
L1130,O1811,2025-12-16,P007,Washed Red,M,1,98.0
L1131,O1812,2025-12-16,P002,Light Heather Grey,L,1,44.0
L1132,O1813,2025-12-16,P005,Gunmetal,XL,1,20.0
L1133,O1814,2025-12-16,P008,Light Heather Grey,3X,1,22.0
L1134,O1815,2025-12-19,P002,Driftwood,M,1,44.0
L1135,O1815,2025-12-19,P008,Jungle,L,1,22.0
L1136,O1816,2025-12-19,P003,Atmosphere,L,1,54.0
L1137,O1817,2025-12-19,P008,Onyx,M,1,22.0
L1138,O1817,2025-12-19,P004,Chalk,4X,1,58.0
L1139,O1818,2025-12-19,P006,Jungle,S,2,88.0
L1140,O1819,2025-12-20,P004,Chalk,M,1,58.0
L1141,O1820,2025-12-20,P002,Light Heather Grey,L,3,44.0
L1142,O1820,2025-12-20,P003,Obsidian,XL,1,54.0
L1143,O1821,2025-12-20,P004,Damson,M,1,58.0
L1144,O1821,2025-12-20,P007,Washed Onyx,M,1,98.0
L1145,O1822,2025-12-20,P003,Chalk,M,1,54.0
L1146,O1823,2025-12-20,P002,Chalk,L,1,44.0
L1147,O1824,2025-12-20,P005,Laurel,M,1,20.0
L1148,O1825,2025-12-21,P005,Oyster,XS,1,20.0
L1149,O1826,2025-12-21,P002,Driftwood,M,1,44.0
L1150,O1826,2025-12-21,P007,Light Heather Grey,M,1,98.0
L1151,O1827,2025-12-21,P007,Shadow,L,2,98.0
L1152,O1828,2025-12-22,P001,Buff,XL,1,48.0
L1153,O1828,2025-12-22,P003,Atmosphere,M,1,54.0
L1154,O1829,2025-12-23,P007,Jungle,L,1,98.0
L1155,O1829,2025-12-23,P005,Currant,XL,2,20.0
L1156,O1829,2025-12-23,P002,Onyx,S,3,44.0
L1157,O1830,2025-12-23,P004,Raven,S,1,58.0
L1158,O1830,2025-12-23,P002,Navy,L,1,44.0
L1159,O1831,2025-12-24,P001,Obsidian,M,1,48.0
L1160,O1832,2025-12-24,P005,Obsidian,2X,1,20.0
L1161,O1832,2025-12-24,P003,Atmosphere,L,1,54.0
L1162,O1833,2025-12-24,P002,Navy,XL,1,44.0
L1163,O1834,2025-12-25,P005,Obsidian,S,1,20.0
L1164,O1835,2025-12-25,P005,Obsidian,L,1,20.0
L1165,O1835,2025-12-25,P008,Chalk,2X,1,22.0
L1166,O1835,2025-12-25,P004,Obsidian,2X,1,58.0
L1167,O1836,2025-12-25,P005,Obsidian,XL,1,20.0
L1168,O1836,2025-12-25,P007,Washed Red,M,1,98.0
L1169,O1837,2025-12-25,P002,Chalk,S,1,44.0
L1170,O1837,2025-12-25,P003,Obsidian,XL,3,54.0
L1171,O1838,2025-12-26,P002,Onyx,3X,1,44.0
L1172,O1839,2025-12-26,P005,Chalk,XL,2,20.0
L1173,O1840,2025-12-26,P008,Light Heather Grey,XL,2,22.0
L1174,O1841,2025-12-26,P007,Navy,M,1,98.0
L1175,O1842,2025-12-26,P005,Obsidian,XL,1,20.0
L1176,O1843,2025-12-27,P005,Gunmetal,L,1,20.0
L1177,O1844,2025-12-28,P003,Chalk,XL,1,54.0
L1178,O1845,2025-12-28,P004,Chalk,L,2,58.0
L1179,O1845,2025-12-28,P008,Onyx,S,1,22.0
L1180,O1846,2025-12-28,P005,Loden,L,2,20.0
L1181,O1847,2025-12-29,P003,Chalk,L,2,54.0
L1182,O1848,2025-12-29,P004,Atmosphere,L,1,58.0
L1183,O1849,2025-12-29,P004,Obsidian,S,1,58.0
L1184,O1849,2025-12-29,P005,Gunmetal,XL,1,20.0
L1185,O1850,2025-12-29,P004,Obsidian,2X,1,58.0
L1186,O1851,2025-12-30,P004,Atmosphere,M,1,58.0
L1187,O1852,2025-12-30,P008,Chalk,XL,1,22.0
L1188,O1853,2025-12-30,P001,Chalk,M,1,48.0
L1189,O1854,2025-12-30,P004,Chalk,L,1,58.0
L1190,O1855,2025-12-30,P004,Obsidian,L,1,58.0
L1191,O1855,2025-12-30,P006,Stone,M,1,88.0
L1192,O1856,2025-12-30,P007,Jungle,3X,1,98.0
L1193,O1857,2025-12-30,P002,Navy,S,1,44.0
L1194,O1857,2025-12-30,P001,Chalk,L,1,48.0
L1195,O1858,2025-12-31,P002,Chalk,XL,1,44.0
L1196,O1858,2025-12-31,P006,Ash,2X,1,88.0
L1197,O1858,2025-12-31,P008,Onyx,XS,1,22.0
L1198,O1859,2025-12-31,P002,Stone,2X,1,44.0
L1199,O1860,2025-12-31,P008,Chalk,2X,1,22.0
L1200,O1860,2025-12-31,P004,Obsidian,L,1,58.0
